target,steps,waste,sample,buffer
1,10,9,1,10
2,9,8,1,9
3,10,8,1,9
4,8,7,1,8
5,10,7,1,8
6,9,7,1,8
7,10,7,1,8
8,7,6,1,7
9,10,7,1,8
10,9,6,1,7
11,10,6,1,7
12,8,6,1,7
13,10,6,1,7
14,9,6,1,7
15,10,6,1,7
16,6,5,1,6
17,10,6,1,7
18,9,6,1,7
19,10,6,1,7
20,8,5,1,6
21,10,5,1,6
22,9,5,1,6
23,10,6,1,7
23,10,7,3,6
24,7,5,1,6
25,10,5,1,6
26,9,5,1,6
27,10,5,1,6
28,8,5,1,6
29,10,5,1,6
30,9,5,1,6
31,10,5,1,6
32,5,4,1,5
33,10,5,1,6
34,9,5,1,6
35,10,5,1,6
36,8,5,1,6
37,10,5,1,6
38,9,5,1,6
39,10,5,1,6
40,7,4,1,5
41,10,5,1,6
42,9,4,1,5
43,10,4,1,5
44,8,4,1,5
45,10,5,1,6
45,10,6,3,5
46,9,5,1,6
46,9,6,3,5
47,10,5,1,6
47,10,6,3,5
48,6,4,1,5
49,10,5,1,6
49,10,6,3,5
50,9,4,1,5
51,10,5,1,6
51,10,6,3,5
52,8,4,1,5
53,10,4,1,5
54,9,4,1,5
55,10,4,1,5
56,7,4,1,5
57,10,4,1,5
58,9,4,1,5
59,10,4,1,5
60,8,4,1,5
61,10,4,1,5
62,9,4,1,5
63,10,4,1,5
64,4,3,1,4
65,10,4,1,5
66,9,4,1,5
67,10,4,1,5
68,8,4,1,5
69,10,4,1,5
70,9,4,1,5
71,10,4,1,5
72,7,4,1,5
73,10,4,1,5
74,9,4,1,5
75,10,4,1,5
76,8,4,1,5
77,10,4,1,5
78,9,4,1,5
79,10,4,1,5
80,6,3,1,4
81,10,4,1,5
82,9,4,1,5
83,10,4,1,5
84,8,3,1,4
85,10,3,1,4
86,9,3,1,4
87,10,4,1,5
87,10,6,4,4
88,7,3,1,4
89,10,4,1,5
89,10,5,3,4
90,9,4,1,5
90,9,5,3,4
91,10,4,1,5
91,10,5,3,4
92,8,4,1,5
92,8,5,3,4
93,10,4,1,5
93,10,5,3,4
94,9,4,1,5
94,9,5,3,4
95,10,4,1,5
95,10,5,3,4
96,5,3,1,4
97,10,4,1,5
97,10,5,3,4
98,9,4,1,5
98,9,5,3,4
99,10,4,1,5
99,10,5,3,4
100,8,3,1,4
101,10,4,1,5
101,10,5,3,4
102,9,4,1,5
102,9,5,3,4
103,10,4,1,5
103,10,5,3,4
104,7,3,1,4
105,10,3,1,4
106,9,3,1,4
107,10,3,1,4
108,8,3,1,4
109,10,3,1,4
110,9,3,1,4
111,10,3,1,4
112,6,3,1,4
113,10,4,1,5
113,10,5,3,4
114,9,3,1,4
115,10,3,1,4
116,8,3,1,4
117,10,3,1,4
118,9,3,1,4
119,10,3,1,4
120,7,3,1,4
121,10,3,1,4
122,9,3,1,4
123,10,3,1,4
124,8,3,1,4
125,10,3,1,4
126,9,3,1,4
127,10,3,1,4
128,3,2,1,3
129,10,3,1,4
130,9,3,1,4
131,10,3,1,4
132,8,3,1,4
133,10,3,1,4
134,9,3,1,4
135,10,3,1,4
136,7,3,1,4
137,10,3,1,4
138,9,3,1,4
139,10,3,1,4
140,8,3,1,4
141,10,3,1,4
142,9,3,1,4
143,10,3,1,4
144,6,3,1,4
145,10,3,1,4
146,9,3,1,4
147,10,3,1,4
148,8,3,1,4
149,10,3,1,4
150,9,3,1,4
151,10,3,1,4
152,7,3,1,4
153,10,3,1,4
154,9,3,1,4
155,10,3,1,4
156,8,3,1,4
157,10,3,1,4
158,9,3,1,4
159,10,3,1,4
160,5,2,1,3
161,10,3,1,4
162,9,3,1,4
163,10,3,1,4
164,8,3,1,4
165,10,3,1,4
166,9,3,1,4
167,10,3,1,4
168,7,2,1,3
169,10,3,1,4
170,9,2,1,3
171,10,2,1,3
172,8,2,1,3
173,10,3,1,4
173,10,5,4,3
174,9,3,1,4
174,9,5,4,3
175,10,3,1,4
175,10,5,4,3
176,6,2,1,3
177,10,3,1,4
177,10,5,4,3
178,9,3,1,4
178,9,4,3,3
179,10,3,1,4
179,10,5,4,3
180,8,3,1,4
180,8,4,3,3
181,10,3,1,4
181,10,4,3,3
182,9,3,1,4
182,9,4,3,3
183,10,3,1,4
183,10,4,3,3
184,7,3,1,4
184,7,4,3,3
185,10,3,1,4
185,10,4,3,3
186,9,3,1,4
186,9,4,3,3
187,10,3,1,4
187,10,4,3,3
188,8,3,1,4
188,8,4,3,3
189,10,3,1,4
189,10,4,3,3
190,9,3,1,4
190,9,4,3,3
191,10,3,1,4
191,10,4,3,3
192,4,2,1,3
193,10,3,1,4
193,10,4,3,3
194,9,3,1,4
194,9,4,3,3
195,10,3,1,4
195,10,4,3,3
196,8,3,1,4
196,8,4,3,3
197,10,3,1,4
197,10,4,3,3
198,9,3,1,4
198,9,4,3,3
199,10,3,1,4
199,10,4,3,3
200,7,2,1,3
201,10,3,1,4
201,10,4,3,3
202,9,3,1,4
202,9,4,3,3
203,10,3,1,4
203,10,4,3,3
204,8,3,1,4
204,8,4,3,3
205,10,3,1,4
205,10,5,4,3
206,9,3,1,4
206,9,4,3,3
207,10,3,1,4
207,10,5,4,3
208,6,2,1,3
209,10,3,1,4
209,10,5,4,3
210,9,2,1,3
211,10,3,1,4
211,10,5,4,3
212,8,2,1,3
213,10,2,1,3
214,9,2,1,3
215,10,2,1,3
216,7,2,1,3
217,10,3,1,4
217,10,5,4,3
218,9,2,1,3
219,10,3,1,4
219,10,5,4,3
220,8,2,1,3
221,10,2,1,3
222,9,2,1,3
223,10,3,1,4
223,10,4,3,3
224,5,2,1,3
225,10,2,1,3
226,9,3,1,4
226,9,4,3,3
227,10,2,1,3
228,8,2,1,3
229,10,3,1,4
229,10,4,3,3
230,9,2,1,3
231,10,2,1,3
232,7,2,1,3
233,10,2,1,3
234,9,2,1,3
235,10,2,1,3
236,8,2,1,3
237,10,2,1,3
238,9,2,1,3
239,10,2,1,3
240,6,2,1,3
241,10,3,1,4
241,10,4,3,3
242,9,2,1,3
243,10,2,1,3
244,8,2,1,3
245,10,2,1,3
246,9,2,1,3
247,10,2,1,3
248,7,2,1,3
249,10,2,1,3
250,9,2,1,3
251,10,2,1,3
252,8,2,1,3
253,10,2,1,3
254,9,2,1,3
255,10,2,1,3
256,2,1,1,2
257,10,2,1,3
258,9,2,1,3
259,10,2,1,3
260,8,2,1,3
261,10,2,1,3
262,9,2,1,3
263,10,2,1,3
264,7,2,1,3
265,10,2,1,3
266,9,2,1,3
267,10,2,1,3
268,8,2,1,3
269,10,2,1,3
270,9,2,1,3
271,10,3,1,4
271,10,3,2,3
272,6,2,1,3
273,10,2,1,3
274,9,2,1,3
275,10,2,1,3
276,8,2,1,3
277,10,2,1,3
278,9,2,1,3
279,10,2,1,3
280,7,2,1,3
281,10,2,1,3
282,9,2,1,3
283,10,3,1,4
283,10,3,2,3
284,8,2,1,3
285,10,2,1,3
286,9,3,1,4
286,9,3,2,3
287,10,2,1,3
288,5,2,1,3
289,10,3,1,4
289,10,3,2,3
290,9,2,1,3
291,10,2,1,3
292,8,2,1,3
293,10,3,2,3
293,10,4,1,5
294,9,2,1,3
295,10,3,2,3
295,10,4,1,5
296,7,2,1,3
297,10,2,1,3
298,9,2,1,3
299,10,2,1,3
300,8,2,1,3
301,10,3,2,3
301,10,4,1,5
302,9,2,1,3
303,10,3,2,3
303,10,4,1,5
304,6,2,1,3
305,10,3,2,3
305,10,4,1,5
306,9,3,1,4
306,9,3,2,3
307,10,3,2,3
307,10,4,1,5
308,8,3,1,4
308,8,3,2,3
309,10,3,1,4
309,10,3,2,3
310,9,3,1,4
310,9,3,2,3
311,10,3,1,4
311,10,3,2,3
312,7,2,1,3
313,10,3,1,4
313,10,3,2,3
314,9,3,1,4
314,9,3,2,3
315,10,3,1,4
315,10,3,2,3
316,8,3,1,4
316,8,3,2,3
317,10,3,1,4
317,10,3,2,3
318,9,3,1,4
318,9,3,2,3
319,10,3,1,4
319,10,3,2,3
320,4,1,1,2
321,10,3,1,4
321,10,3,2,3
322,9,3,1,4
322,9,3,2,3
323,10,3,1,4
323,10,3,2,3
324,8,3,1,4
324,8,3,2,3
325,10,3,1,4
325,10,3,2,3
326,9,3,1,4
326,9,3,2,3
327,10,3,1,4
327,10,3,2,3
328,7,3,1,4
328,7,3,2,3
329,10,3,1,4
329,10,3,2,3
330,9,3,1,4
330,9,3,2,3
331,10,3,1,4
331,10,3,2,3
332,8,3,1,4
332,8,3,2,3
333,10,3,2,3
333,10,4,1,5
334,9,3,1,4
334,9,3,2,3
335,10,3,2,3
335,10,4,1,5
336,6,1,1,2
337,10,3,2,3
337,10,4,1,5
338,9,3,2,3
338,9,4,1,5
339,10,3,2,3
339,10,4,1,5
340,8,1,1,2
341,10,1,1,2
342,9,1,1,2
343,10,3,2,3
343,10,5,5,2
344,7,1,1,2
345,10,3,2,3
345,10,4,4,2
346,9,3,2,3
346,9,4,4,2
347,10,3,2,3
347,10,4,4,2
348,8,3,2,3
348,8,4,4,2
349,10,3,2,3
349,10,4,4,2
350,9,3,2,3
350,9,4,4,2
351,10,3,2,3
351,10,4,4,2
352,5,1,1,2
353,10,3,2,3
353,10,4,4,2
354,9,3,2,3
354,9,4,4,2
355,10,3,2,3
355,10,4,4,2
356,8,3,2,3
356,8,3,3,2
357,10,3,2,3
357,10,4,4,2
358,9,3,2,3
358,9,4,4,2
359,10,3,2,3
359,10,4,4,2
360,7,3,2,3
360,7,3,3,2
361,10,3,2,3
361,10,3,3,2
362,9,3,2,3
362,9,3,3,2
363,10,3,2,3
363,10,3,3,2
364,8,3,2,3
364,8,3,3,2
365,10,3,2,3
365,10,3,3,2
366,9,3,2,3
366,9,3,3,2
367,10,3,2,3
367,10,3,3,2
368,6,3,2,3
368,6,3,3,2
369,10,3,2,3
369,10,4,4,2
370,9,3,2,3
370,9,3,3,2
371,10,3,2,3
371,10,3,3,2
372,8,3,2,3
372,8,3,3,2
373,10,3,2,3
373,10,3,3,2
374,9,3,2,3
374,9,3,3,2
375,10,3,2,3
375,10,3,3,2
376,7,3,2,3
376,7,3,3,2
377,10,3,2,3
377,10,3,3,2
378,9,3,2,3
378,9,3,3,2
379,10,3,2,3
379,10,3,3,2
380,8,3,2,3
380,8,3,3,2
381,10,3,2,3
381,10,3,3,2
382,9,3,2,3
382,9,3,3,2
383,10,3,2,3
383,10,3,3,2
384,3,1,1,2
385,10,3,2,3
385,10,3,3,2
386,9,3,2,3
386,9,3,3,2
387,10,3,2,3
387,10,3,3,2
388,8,3,2,3
388,8,3,3,2
389,10,3,2,3
389,10,3,3,2
390,9,3,2,3
390,9,3,3,2
391,10,3,2,3
391,10,3,3,2
392,7,3,2,3
392,7,3,3,2
393,10,3,2,3
393,10,3,3,2
394,9,3,2,3
394,9,3,3,2
395,10,3,2,3
395,10,3,3,2
396,8,3,2,3
396,8,3,3,2
397,10,3,2,3
397,10,3,3,2
398,9,3,2,3
398,9,3,3,2
399,10,3,2,3
399,10,4,4,2
400,6,2,2,2
401,10,3,2,3
401,10,3,3,2
402,9,3,2,3
402,9,3,3,2
403,10,3,2,3
403,10,3,3,2
404,8,3,2,3
404,8,3,3,2
405,10,3,2,3
405,10,3,3,2
406,9,3,2,3
406,9,3,3,2
407,10,3,2,3
407,10,3,3,2
408,7,3,2,3
408,7,3,3,2
409,10,3,2,3
409,10,4,4,2
410,9,3,2,3
410,9,4,4,2
411,10,3,2,3
411,10,4,4,2
412,8,3,2,3
412,8,3,3,2
413,10,3,2,3
413,10,4,4,2
414,9,3,2,3
414,9,4,4,2
415,10,3,2,3
415,10,4,4,2
416,5,2,2,2
417,10,3,2,3
417,10,4,4,2
418,9,3,2,3
418,9,4,4,2
419,10,3,2,3
419,10,4,4,2
420,8,2,2,2
421,10,3,2,3
421,10,4,4,2
422,9,3,2,3
422,9,4,4,2
423,10,3,2,3
423,10,4,4,2
424,7,2,2,2
425,10,2,2,2
426,9,2,2,2
427,10,2,2,2
428,8,2,2,2
429,10,3,2,3
429,10,4,4,2
430,9,2,2,2
431,10,3,2,3
431,10,4,4,2
432,6,2,2,2
433,10,3,2,3
433,10,4,4,2
434,9,3,2,3
434,9,4,4,2
435,10,3,2,3
435,10,4,4,2
436,8,2,2,2
437,10,3,2,3
437,10,4,4,2
438,9,3,2,3
438,9,4,4,2
439,10,3,2,3
439,10,4,4,2
440,7,2,2,2
441,10,2,2,2
442,9,2,2,2
443,10,3,2,3
443,10,4,4,2
444,8,2,2,2
445,10,2,2,2
446,9,3,2,3
446,9,3,3,2
447,10,2,2,2
448,4,2,2,2
449,10,3,2,3
449,10,3,3,2
450,9,2,2,2
451,10,2,2,2
452,8,3,2,3
452,8,3,3,2
453,10,3,2,3
453,10,3,3,2
454,9,2,2,2
455,10,3,2,3
455,10,3,3,2
456,7,2,2,2
457,10,3,2,3
457,10,3,3,2
458,9,3,2,3
458,9,3,3,2
459,10,3,2,3
459,10,3,3,2
460,8,2,2,2
461,10,2,2,2
462,9,2,2,2
463,10,2,2,2
464,6,2,2,2
465,10,2,2,2
466,9,2,2,2
467,10,2,2,2
468,8,2,2,2
469,10,2,2,2
470,9,2,2,2
471,10,2,2,2
472,7,2,2,2
473,10,2,2,2
474,9,2,2,2
475,10,2,2,2
476,8,2,2,2
477,10,2,2,2
478,9,2,2,2
479,10,2,2,2
480,5,2,2,2
481,10,2,2,2
482,9,3,2,3
482,9,3,3,2
483,10,2,2,2
484,8,2,2,2
485,10,2,2,2
486,9,2,2,2
487,10,2,2,2
488,7,2,2,2
489,10,2,2,2
490,9,2,2,2
491,10,2,2,2
492,8,2,2,2
493,10,2,2,2
494,9,2,2,2
495,10,2,2,2
496,6,2,2,2
497,10,2,2,2
498,9,2,2,2
499,10,2,2,2
500,8,2,2,2
501,10,2,2,2
502,9,2,2,2
503,10,2,2,2
504,7,2,2,2
505,10,2,2,2
506,9,2,2,2
507,10,2,2,2
508,8,2,2,2
509,10,2,2,2
510,9,2,2,2
511,10,2,2,2
512,1,0,1,1
513,10,2,2,2
514,9,2,2,2
515,10,2,2,2
516,8,2,2,2
517,10,2,2,2
518,9,2,2,2
519,10,2,2,2
520,7,2,2,2
521,10,2,2,2
522,9,2,2,2
523,10,2,2,2
524,8,2,2,2
525,10,2,2,2
526,9,2,2,2
527,10,2,2,2
528,6,2,2,2
529,10,2,2,2
530,9,2,2,2
531,10,2,2,2
532,8,2,2,2
533,10,2,2,2
534,9,2,2,2
535,10,2,2,2
536,7,2,2,2
537,10,2,2,2
538,9,2,2,2
539,10,2,2,2
540,8,2,2,2
541,10,2,2,2
542,9,3,2,3
542,9,3,3,2
543,10,2,2,2
544,5,2,2,2
545,10,2,2,2
546,9,2,2,2
547,10,2,2,2
548,8,2,2,2
549,10,2,2,2
550,9,2,2,2
551,10,2,2,2
552,7,2,2,2
553,10,2,2,2
554,9,2,2,2
555,10,2,2,2
556,8,2,2,2
557,10,2,2,2
558,9,2,2,2
559,10,2,2,2
560,6,2,2,2
561,10,2,2,2
562,9,2,2,2
563,10,2,2,2
564,8,2,2,2
565,10,3,2,3
565,10,3,3,2
566,9,3,2,3
566,9,3,3,2
567,10,3,2,3
567,10,3,3,2
568,7,2,2,2
569,10,3,2,3
569,10,3,3,2
570,9,2,2,2
571,10,3,2,3
571,10,3,3,2
572,8,3,2,3
572,8,3,3,2
573,10,2,2,2
574,9,2,2,2
575,10,3,2,3
575,10,3,3,2
576,4,2,2,2
577,10,2,2,2
578,9,3,2,3
578,9,3,3,2
579,10,2,2,2
580,8,2,2,2
581,10,3,3,2
581,10,4,2,4
582,9,2,2,2
583,10,2,2,2
584,7,2,2,2
585,10,3,3,2
585,10,4,2,4
586,9,3,3,2
586,9,4,2,4
587,10,3,3,2
587,10,4,2,4
588,8,2,2,2
589,10,3,3,2
589,10,4,2,4
590,9,3,3,2
590,9,4,2,4
591,10,3,3,2
591,10,4,2,4
592,6,2,2,2
593,10,3,3,2
593,10,4,2,4
594,9,2,2,2
595,10,3,3,2
595,10,4,2,4
596,8,2,2,2
597,10,2,2,2
598,9,2,2,2
599,10,2,2,2
600,7,2,2,2
601,10,3,3,2
601,10,4,2,4
602,9,3,3,2
602,9,4,2,4
603,10,3,3,2
603,10,4,2,4
604,8,2,2,2
605,10,3,3,2
605,10,4,2,4
606,9,3,3,2
606,9,4,2,4
607,10,3,3,2
607,10,4,2,4
608,5,2,2,2
609,10,3,3,2
609,10,4,2,4
610,9,3,3,2
610,9,4,2,4
611,10,3,3,2
611,10,4,2,4
612,8,3,2,3
612,8,3,3,2
613,10,3,3,2
613,10,4,2,4
614,9,3,3,2
614,9,4,2,4
615,10,3,3,2
615,10,4,2,4
616,7,3,2,3
616,7,3,3,2
617,10,3,2,3
617,10,3,3,2
618,9,3,2,3
618,9,3,3,2
619,10,3,2,3
619,10,3,3,2
620,8,3,2,3
620,8,3,3,2
621,10,3,2,3
621,10,3,3,2
622,9,3,2,3
622,9,3,3,2
623,10,3,2,3
623,10,3,3,2
624,6,2,2,2
625,10,3,3,2
625,10,4,2,4
626,9,3,2,3
626,9,3,3,2
627,10,3,2,3
627,10,3,3,2
628,8,3,2,3
628,8,3,3,2
629,10,3,2,3
629,10,3,3,2
630,9,3,2,3
630,9,3,3,2
631,10,3,2,3
631,10,3,3,2
632,7,3,2,3
632,7,3,3,2
633,10,3,2,3
633,10,3,3,2
634,9,3,2,3
634,9,3,3,2
635,10,3,2,3
635,10,3,3,2
636,8,3,2,3
636,8,3,3,2
637,10,3,2,3
637,10,3,3,2
638,9,3,2,3
638,9,3,3,2
639,10,3,2,3
639,10,3,3,2
640,3,1,2,1
641,10,3,2,3
641,10,3,3,2
642,9,3,2,3
642,9,3,3,2
643,10,3,2,3
643,10,3,3,2
644,8,3,2,3
644,8,3,3,2
645,10,3,2,3
645,10,3,3,2
646,9,3,2,3
646,9,3,3,2
647,10,3,2,3
647,10,3,3,2
648,7,3,2,3
648,7,3,3,2
649,10,3,2,3
649,10,3,3,2
650,9,3,2,3
650,9,3,3,2
651,10,3,2,3
651,10,3,3,2
652,8,3,2,3
652,8,3,3,2
653,10,3,2,3
653,10,3,3,2
654,9,3,2,3
654,9,3,3,2
655,10,3,3,2
655,10,4,2,4
656,6,3,2,3
656,6,3,3,2
657,10,3,2,3
657,10,3,3,2
658,9,3,2,3
658,9,3,3,2
659,10,3,2,3
659,10,3,3,2
660,8,3,2,3
660,8,3,3,2
661,10,3,2,3
661,10,3,3,2
662,9,3,2,3
662,9,3,3,2
663,10,3,2,3
663,10,3,3,2
664,7,3,2,3
664,7,3,3,2
665,10,3,3,2
665,10,4,2,4
666,9,3,3,2
666,9,4,2,4
667,10,3,3,2
667,10,4,2,4
668,8,3,2,3
668,8,3,3,2
669,10,3,3,2
669,10,4,2,4
670,9,3,3,2
670,9,4,2,4
671,10,3,3,2
671,10,4,2,4
672,5,1,2,1
673,10,3,3,2
673,10,4,2,4
674,9,3,3,2
674,9,4,2,4
675,10,3,3,2
675,10,4,2,4
676,8,3,3,2
676,8,4,2,4
677,10,3,3,2
677,10,4,2,4
678,9,3,3,2
678,9,4,2,4
679,10,3,3,2
679,10,4,2,4
680,7,1,2,1
681,10,3,3,2
681,10,5,2,5
682,9,1,2,1
683,10,1,2,1
684,8,1,2,1
685,10,3,3,2
685,10,4,5,1
686,9,3,3,2
686,9,4,5,1
687,10,3,3,2
687,10,4,5,1
688,6,1,2,1
689,10,3,3,2
689,10,4,5,1
690,9,3,3,2
690,9,3,4,1
691,10,3,3,2
691,10,4,5,1
692,8,3,3,2
692,8,3,4,1
693,10,3,3,2
693,10,3,4,1
694,9,3,3,2
694,9,3,4,1
695,10,3,3,2
695,10,3,4,1
696,7,3,3,2
696,7,3,4,1
697,10,3,3,2
697,10,3,4,1
698,9,3,3,2
698,9,3,4,1
699,10,3,3,2
699,10,3,4,1
700,8,3,3,2
700,8,3,4,1
701,10,3,3,2
701,10,3,4,1
702,9,3,3,2
702,9,3,4,1
703,10,3,3,2
703,10,3,4,1
704,4,1,2,1
705,10,3,3,2
705,10,3,4,1
706,9,3,3,2
706,9,3,4,1
707,10,3,3,2
707,10,3,4,1
708,8,3,3,2
708,8,3,4,1
709,10,3,3,2
709,10,3,4,1
710,9,3,3,2
710,9,3,4,1
711,10,3,3,2
711,10,3,4,1
712,7,2,3,1
713,10,3,3,2
713,10,3,4,1
714,9,3,3,2
714,9,3,4,1
715,10,3,3,2
715,10,3,4,1
716,8,3,3,2
716,8,3,4,1
717,10,3,3,2
717,10,4,5,1
718,9,3,3,2
718,9,3,4,1
719,10,3,3,2
719,10,4,5,1
720,6,2,3,1
721,10,3,3,2
721,10,4,5,1
722,9,2,3,1
723,10,3,3,2
723,10,4,5,1
724,8,2,3,1
725,10,2,3,1
726,9,2,3,1
727,10,2,3,1
728,7,2,3,1
729,10,3,3,2
729,10,4,5,1
730,9,2,3,1
731,10,3,3,2
731,10,4,5,1
732,8,2,3,1
733,10,2,3,1
734,9,2,3,1
735,10,3,3,2
735,10,3,4,1
736,5,2,3,1
737,10,2,3,1
738,9,3,3,2
738,9,3,4,1
739,10,2,3,1
740,8,2,3,1
741,10,3,3,2
741,10,3,4,1
742,9,2,3,1
743,10,2,3,1
744,7,2,3,1
745,10,2,3,1
746,9,2,3,1
747,10,2,3,1
748,8,2,3,1
749,10,2,3,1
750,9,2,3,1
751,10,2,3,1
752,6,2,3,1
753,10,3,3,2
753,10,3,4,1
754,9,2,3,1
755,10,2,3,1
756,8,2,3,1
757,10,2,3,1
758,9,2,3,1
759,10,2,3,1
760,7,2,3,1
761,10,2,3,1
762,9,2,3,1
763,10,2,3,1
764,8,2,3,1
765,10,2,3,1
766,9,2,3,1
767,10,2,3,1
768,2,1,2,1
769,10,2,3,1
770,9,2,3,1
771,10,2,3,1
772,8,2,3,1
773,10,2,3,1
774,9,2,3,1
775,10,2,3,1
776,7,2,3,1
777,10,2,3,1
778,9,2,3,1
779,10,2,3,1
780,8,2,3,1
781,10,2,3,1
782,9,2,3,1
783,10,3,4,1
783,10,4,3,3
784,6,2,3,1
785,10,2,3,1
786,9,2,3,1
787,10,2,3,1
788,8,2,3,1
789,10,2,3,1
790,9,2,3,1
791,10,2,3,1
792,7,2,3,1
793,10,2,3,1
794,9,2,3,1
795,10,3,4,1
795,10,4,3,3
796,8,2,3,1
797,10,2,3,1
798,9,3,4,1
798,9,4,3,3
799,10,2,3,1
800,5,2,3,1
801,10,3,4,1
801,10,4,3,3
802,9,2,3,1
803,10,2,3,1
804,8,2,3,1
805,10,3,4,1
805,10,5,3,4
806,9,2,3,1
807,10,3,4,1
807,10,5,3,4
808,7,2,3,1
809,10,2,3,1
810,9,2,3,1
811,10,2,3,1
812,8,2,3,1
813,10,3,4,1
813,10,5,3,4
814,9,2,3,1
815,10,3,4,1
815,10,5,3,4
816,6,2,3,1
817,10,3,4,1
817,10,5,3,4
818,9,3,4,1
818,9,4,3,3
819,10,3,4,1
819,10,5,3,4
820,8,3,4,1
820,8,4,3,3
821,10,3,4,1
821,10,4,3,3
822,9,3,4,1
822,9,4,3,3
823,10,3,4,1
823,10,4,3,3
824,7,2,3,1
825,10,3,4,1
825,10,4,3,3
826,9,3,4,1
826,9,4,3,3
827,10,3,4,1
827,10,4,3,3
828,8,3,4,1
828,8,4,3,3
829,10,3,4,1
829,10,4,3,3
830,9,3,4,1
830,9,4,3,3
831,10,3,4,1
831,10,4,3,3
832,4,2,3,1
833,10,3,4,1
833,10,4,3,3
834,9,3,4,1
834,9,4,3,3
835,10,3,4,1
835,10,4,3,3
836,8,3,4,1
836,8,4,3,3
837,10,3,4,1
837,10,4,3,3
838,9,3,4,1
838,9,4,3,3
839,10,3,4,1
839,10,4,3,3
840,7,3,4,1
840,7,4,3,3
841,10,3,4,1
841,10,4,3,3
842,9,3,4,1
842,9,4,3,3
843,10,3,4,1
843,10,4,3,3
844,8,3,4,1
844,8,4,3,3
845,10,3,4,1
845,10,5,3,4
846,9,3,4,1
846,9,4,3,3
847,10,3,4,1
847,10,5,3,4
848,6,2,3,1
849,10,3,4,1
849,10,5,3,4
850,9,3,4,1
850,9,5,3,4
851,10,3,4,1
851,10,5,3,4
852,8,2,3,1
853,10,2,3,1
854,9,2,3,1
855,10,3,4,1
856,7,2,3,1
857,10,3,4,1
858,9,3,4,1
859,10,3,4,1
860,8,3,4,1
861,10,3,4,1
862,9,3,4,1
863,10,3,4,1
864,5,2,3,1
865,10,3,4,1
866,9,3,4,1
867,10,3,4,1
868,8,3,4,1
869,10,3,4,1
870,9,3,4,1
871,10,3,4,1
872,7,3,4,1
873,10,3,4,1
874,9,3,4,1
875,10,3,4,1
876,8,3,4,1
877,10,3,4,1
878,9,3,4,1
879,10,3,4,1
880,6,3,4,1
881,10,3,4,1
882,9,3,4,1
883,10,3,4,1
884,8,3,4,1
885,10,3,4,1
886,9,3,4,1
887,10,3,4,1
888,7,3,4,1
889,10,3,4,1
890,9,3,4,1
891,10,3,4,1
892,8,3,4,1
893,10,3,4,1
894,9,3,4,1
895,10,3,4,1
896,3,2,3,1
897,10,3,4,1
898,9,3,4,1
899,10,3,4,1
900,8,3,4,1
901,10,3,4,1
902,9,3,4,1
903,10,3,4,1
904,7,3,4,1
905,10,3,4,1
906,9,3,4,1
907,10,3,4,1
908,8,3,4,1
909,10,3,4,1
910,9,3,4,1
911,10,4,5,1
911,10,5,4,3
912,6,3,4,1
913,10,3,4,1
914,9,3,4,1
915,10,3,4,1
916,8,3,4,1
917,10,3,4,1
918,9,3,4,1
919,10,3,4,1
920,7,3,4,1
921,10,4,5,1
921,10,5,4,3
922,9,4,5,1
922,9,5,4,3
923,10,4,5,1
923,10,5,4,3
924,8,3,4,1
925,10,4,5,1
925,10,5,4,3
926,9,4,5,1
926,9,5,4,3
927,10,4,5,1
927,10,5,4,3
928,5,3,4,1
929,10,4,5,1
929,10,5,4,3
930,9,4,5,1
930,9,5,4,3
931,10,4,5,1
931,10,5,4,3
932,8,4,5,1
932,8,5,4,3
933,10,4,5,1
933,10,5,4,3
934,9,4,5,1
934,9,5,4,3
935,10,4,5,1
935,10,5,4,3
936,7,3,4,1
937,10,4,5,1
937,10,6,4,4
938,9,3,4,1
939,10,3,4,1
940,8,3,4,1
941,10,4,5,1
942,9,4,5,1
943,10,4,5,1
944,6,3,4,1
945,10,4,5,1
946,9,4,5,1
947,10,4,5,1
948,8,4,5,1
949,10,4,5,1
950,9,4,5,1
951,10,4,5,1
952,7,4,5,1
953,10,4,5,1
954,9,4,5,1
955,10,4,5,1
956,8,4,5,1
957,10,4,5,1
958,9,4,5,1
959,10,4,5,1
960,4,3,4,1
961,10,4,5,1
962,9,4,5,1
963,10,4,5,1
964,8,4,5,1
965,10,4,5,1
966,9,4,5,1
967,10,4,5,1
968,7,4,5,1
969,10,4,5,1
970,9,4,5,1
971,10,4,5,1
972,8,4,5,1
973,10,5,6,1
973,10,6,5,3
974,9,4,5,1
975,10,5,6,1
975,10,6,5,3
976,6,4,5,1
977,10,5,6,1
977,10,6,5,3
978,9,5,6,1
978,9,6,5,3
979,10,5,6,1
979,10,6,5,3
980,8,4,5,1
981,10,4,5,1
982,9,4,5,1
983,10,5,6,1
984,7,4,5,1
985,10,5,6,1
986,9,5,6,1
987,10,5,6,1
988,8,5,6,1
989,10,5,6,1
990,9,5,6,1
991,10,5,6,1
992,5,4,5,1
993,10,5,6,1
994,9,5,6,1
995,10,5,6,1
996,8,5,6,1
997,10,5,6,1
998,9,5,6,1
999,10,5,6,1
1000,7,5,6,1
1001,10,6,7,1
1001,10,7,6,3
1002,9,5,6,1
1003,10,5,6,1
1004,8,5,6,1
1005,10,6,7,1
1006,9,6,7,1
1007,10,6,7,1
1008,6,5,6,1
1009,10,6,7,1
1010,9,6,7,1
1011,10,6,7,1
1012,8,6,7,1
1013,10,6,7,1
1014,9,6,7,1
1015,10,7,8,1
1016,7,6,7,1
1017,10,7,8,1
1018,9,7,8,1
1019,10,7,8,1
1020,8,7,8,1
1021,10,8,9,1
1022,9,8,9,1
1023,10,9,10,1
